Title,Directors,Writers,Producers,Composers,releaseDate,Runtime,BoxOffice,Synopsis
Avengers: Infinity War ,"[[""Joe Russo"", ""/wiki/Joe_Russo""], [""Anthony Russo"", ""/wiki/Anthony_Russo""]]","[[""Christopher Markus"", ""/wiki/Christopher_Markus""], [""Stephen McFeely"", ""/wiki/Stephen_McFeely""], [""James Gunn"", ""/wiki/James_Gunn""]]","[[""Kevin Feige"", ""/wiki/Kevin_Feige""], [""Louis D'Esposito"", ""/wiki/Louis_D%27Esposito""], [""James Gunn"", ""/wiki/James_Gunn""], [""Jon Favreau"", ""/wiki/Jon_Favreau""], [""Victoria Alonso"", ""/wiki/Victoria_Alonso""], [""Jeremy Latcham"", ""/wiki/Jeremy_Latcham""], [""Trinh Tran"", ""/wiki/Trinh_Tran""], [""Stan Lee"", ""/wiki/Stan_Lee""]]","[[""Alan Silvestri"", ""/wiki/Alan_Silvestri""]]","April 27, 2018",149 minutes,$2.049 billion,"[""An unprecedented cinematic journey ten years in the making and spanning the entire Marvel Cinematic Universe, Marvel Studios' \""Avengers: Infinity War\"" brings to the screen the ultimate, deadliest showdown of all time. As the Avengers and their allies have continued to protect the world from threats too large for any one hero to handle, a new danger has emerged from the cosmic shadows: Thanos. A despot of intergalactic infamy, his goal is to collect all six Infinity Stones, artifacts of unimaginable power, and use them to inflict his twisted will on all of reality. Everything the Avengers have fought for has led up to this moment - the fate of Earth and existence itself has never been more uncertain.[2]\n""]"
Captain America: The Winter Soldier ,"[[""Joe Russo"", ""/wiki/Joe_Russo""], [""Anthony Russo"", ""/wiki/Anthony_Russo""]]","[[""Stephen McFeely"", ""/wiki/Stephen_McFeely""], [""Christopher Markus"", ""/wiki/Christopher_Markus""]]","[[""Kevin Feige"", ""/wiki/Kevin_Feige""], [""Louis D'Esposito"", ""/wiki/Louis_D%27Esposito""], [""Victoria Alonso"", ""/wiki/Victoria_Alonso""], [""Mitchell Bell"", ""/wiki/Mitchell_Bell""], [""Alan Fine"", ""/wiki/Alan_Fine""], [""Stan Lee"", ""/wiki/Stan_Lee""], [""Nate Moore"", ""/wiki/Nate_Moore""]]","[[""Henry Jackman"", ""/wiki/Henry_Jackman""]]","March 26, 2014 (international)April 4, 2014 (U.S.)",136 minutes,$714.4 million,"[""After the cataclysmic events in New York with The Avengers, Marvel's Captain America: The Winter Soldier, finds Steve Rogers, aka Captain America, living quietly in Washington, D.C. and trying to adjust to the modern world. But when a S.H.I.E.L.D. colleague comes under attack, Steve becomes embroiled in a web of intrigue that threatens to put the world at risk. Joining forces with the Black Widow, Captain America struggles to expose the ever-widening conspiracy while fighting off professional assassins sent to silence him at every turn. When the full scope of the villainous plot is revealed, Captain America and the Black Widow enlist the help of a new ally, the Falcon. However, they soon find themselves up against an unexpected and formidable enemy--the Winter Soldier.[1]\n""]"
Spider-Man: Homecoming ,"[[""Jon Watts"", ""/wiki/Jon_Watts""]]","[[""Jonathan M. Goldstein"", ""/wiki/Jonathan_M._Goldstein""], [""John Francis Daley"", ""/wiki/John_Francis_Daley""], [""Jon Watts"", ""/wiki/Jon_Watts""], [""Christopher Ford"", ""/wiki/Christopher_Ford""], [""Chris McKenna"", ""/wiki/Chris_McKenna""], [""Erik Sommers"", ""/wiki/Erik_Sommers""]]","[[""Kevin Feige"", ""/wiki/Kevin_Feige""], [""Amy Pascal"", ""/wiki/Amy_Pascal""], [""Louis D'Esposito"", ""/wiki/Louis_D%27Esposito""], [""Victoria Alonso"", ""/wiki/Victoria_Alonso""], [""Patricia Whitcher"", ""/wiki/Patricia_Whitcher""], [""Jeremy Latcham"", ""/wiki/Jeremy_Latcham""], [""Stan Lee"", ""/wiki/Stan_Lee""], [""Avi Arad"", ""/wiki/Avi_Arad""], [""Matt Tolmach"", ""/wiki/Matt_Tolmach""]]","[[""Michael Giacchino"", ""/wiki/Michael_Giacchino""]]","July 5, 2017 (U.K.)July 7, 2017 (U.S.)",133 minutes,$880.2 million,"[""A young Peter Parker/Spider-Man, who made his sensational debut in Captain America: Civil War, begins to navigate his newfound identity as the web-slinging superhero in Spider-Man: Homecoming. Thrilled by his experience with the Avengers, Peter returns home, where he lives with his Aunt May, under the watchful eye of his new mentor Tony Stark. Peter tries to fall back into his normal daily routine \u2013 distracted by thoughts of proving himself to be more than just your friendly neighborhood Spider-Man \u2013 but when the Vulture emerges as a new villain, everything that Peter holds most important will be threatened.\n""]"
Guardians of the Galaxy Vol. 2 ,"[[""James Gunn"", ""/wiki/James_Gunn""]]","[[""James Gunn"", ""/wiki/James_Gunn""]]","[[""Kevin Feige"", ""/wiki/Kevin_Feige""], [""Louis D'Esposito"", ""/wiki/Louis_D%27Esposito""], [""Jonathan Schwartz"", ""/wiki/Jonathan_Schwartz""], [""Victoria Alonso"", ""/wiki/Victoria_Alonso""], [""Nikolas Korda"", ""/wiki/Nikolas_Korda""], [""Stan Lee"", ""/wiki/Stan_Lee""], [""Simon Hatt"", ""/wiki/Simon_Hatt""]]","[[""Tyler Bates"", ""/wiki/Tyler_Bates""]]","April 25, 2017 (International)May 5, 2017 (U.S.)",137 minutes,$863.8 million,"[""Set to the backdrop of \""Awesome Mixtape #2\"", Marvel's Guardians of the Galaxy Vol. 2 continues the team's adventures as they traverse the outer reaches of the cosmos. The Guardians must fight to keep their newfound family together as they unravel the mysteries of Peter Quill's true parentage. Old foes become new allies and fan-favorite characters from the classic comics will come to our heroes' aid as the Marvel Cinematic Universe continues to expand.[1]\n""]"
The Incredible Hulk ,"[[""Louis Leterrier"", ""/wiki/Louis_Leterrier""]]","[[""Zak Penn"", ""/wiki/Zak_Penn""], [""Edward Norton"", ""/wiki/Edward_Norton""]]","[[""Avi Arad"", ""/wiki/Avi_Arad""], [""Gale Anne Hurd"", ""/wiki/Gale_Anne_Hurd""], [""Kevin Feige"", ""/wiki/Kevin_Feige""], [""David Maisel"", ""/wiki/David_Maisel""], [""Stan Lee"", ""/wiki/Stan_Lee""], [""Jim Van Wyck"", ""/wiki/Jim_Van_Wyck""], [""Stephen Broussard"", ""/wiki/Stephen_Broussard""], [""Michael J. Malone"", ""/wiki/Michael_J._Malone""], [""John G. Scotti"", ""/wiki/John_G._Scotti""], [""Kurt Williams"", ""/wiki/Kurt_Williams""]]","[[""Craig Armstrong"", ""/wiki/Craig_Armstrong""]]","June 13, 2008",112 minutes,$263.4 million,"[""In this new beginning, scientist Bruce Banner desperately hunts for a cure to the gamma radiation that poisoned his cells and unleashes the unbridled force of rage within him: Hulk. Living in the shadows--cut off from a life he knew and the woman he loves, Betty Ross--Banner struggles to avoid the obsessive pursuit of his nemesis, General Thunderbolt Ross and the military machinery that seeks to capture him and brutally exploit his power. As all three grapple with the secrets that led to Hulk's creation, they are confronted with a monstrous new adversary known as the Abomination, whose destructive strength exceeds even Hulk's own. One scientist must make an agonizing final choice: accept a peaceful life as Bruce Banner or find heroism in the creature he holds inside--The Incredible Hulk.\n""]"
Shang-Chi and the Legend of the Ten Rings ,"[[""Destin Daniel Cretton"", ""/wiki/Destin_Daniel_Cretton""]]","[[""David Callaham"", ""/wiki/David_Callaham""], [""Destin Daniel Cretton"", ""/wiki/Destin_Daniel_Cretton""], [""Andrew Lanham"", ""/wiki/Andrew_Lanham""]]","[[""Kevin Feige"", ""/wiki/Kevin_Feige""], [""Jonathan Schwartz"", ""/wiki/Jonathan_Schwartz""], [""Louis D'Esposito"", ""/wiki/Louis_D%27Esposito""], [""Charles Newirth"", ""/wiki/Charles_Newirth""], [""Victoria Alonso"", ""/wiki/Victoria_Alonso""], [""David J. Grant"", ""/wiki/David_J._Grant""]]","[[""Joel P. West"", ""/wiki/Joel_P._West""]]","September 3, 2021",132 minutes,$432.2 million,"[""Shang-Chi must confront the past he thought he left behind when he is drawn into the web of the mysterious Ten Rings organization.[2]\n""]"
Captain America: The First Avenger ,"[[""Joe Johnston"", ""/wiki/Joe_Johnston""]]","[[""Christopher Markus"", ""/wiki/Christopher_Markus""], [""Stephen McFeely"", ""/wiki/Stephen_McFeely""]]","[[""Kevin Feige"", ""/wiki/Kevin_Feige""], [""Louis D'Esposito"", ""/wiki/Louis_D%27Esposito""], [""Victoria Alonso"", ""/wiki/Victoria_Alonso""], [""Mitchell Bell"", ""/wiki/Mitchell_Bell""], [""Mike Bodkin"", ""/wiki/Mike_Bodkin""], [""Stephen Broussard"", ""/wiki/Stephen_Broussard""], [""Alan Fine"", ""/wiki/Alan_Fine""], [""Nigel Gostelow"", ""/wiki/Nigel_Gostelow""], [""Joe Johnston"", ""/wiki/Joe_Johnston""], [""Stan Lee"", ""/wiki/Stan_Lee""], [""David Maisel"", ""/wiki/David_Maisel""], [""Richard Whelan"", ""/wiki/Richard_Whelan""]]","[[""Alan Silvestri"", ""/wiki/Alan_Silvestri""]]","July 22, 2011 (U.S.)July 29, 2011 (U.K.)",124 minutes,$370.6 million,"[""Marvel's Captain America: The First Avenger focuses on the early days of the Marvel Universe when Steve Rogers volunteers to participate in an experimental program that turns him into the Super Soldier known as Captain America.[1]\n""]"
The Avengers ,"[[""Joss Whedon"", ""/wiki/Joss_Whedon""]]","[[""Zak Penn"", ""/wiki/Zak_Penn""], [""Joss Whedon"", ""/wiki/Joss_Whedon""]]","[[""Kevin Feige"", ""/wiki/Kevin_Feige""], [""Louis D'Esposito"", ""/wiki/Louis_D%27Esposito""], [""Jon Favreau"", ""/wiki/Jon_Favreau""], [""Victoria Alonso"", ""/wiki/Victoria_Alonso""], [""Mike Bodkin"", ""/wiki/Mike_Bodkin""], [""Alan Fine"", ""/wiki/Alan_Fine""], [""Jeremy Latcham"", ""/wiki/Jeremy_Latcham""], [""Stan Lee"", ""/wiki/Stan_Lee""], [""Patricia Whitcher"", ""/wiki/Patricia_Whitcher""]]","[[""Alan Silvestri"", ""/wiki/Alan_Silvestri""]]","April 25, 2012 (international)May 4, 2012 (U.S.)",143 minutes,$1.519 billion,"[""Marvel Studios presents in association with Paramount Pictures \""Marvel's The Avengers\"" \u2014 the superhero team-up of a lifetime, featuring iconic Marvel superheroes Iron Man, The Incredible Hulk, Thor, Captain America, Hawkeye, and Black Widow. When an unexpected enemy emerges that threatens global safety and security, Nick Fury, Director of the international peacekeeping agency known as S.H.I.E.L.D., finds himself in need of a team to pull the world back from the brink of disaster. Spanning the globe, a daring recruitment effort begins.\n""]"
Avengers: Age of Ultron ,"[[""Joss Whedon"", ""/wiki/Joss_Whedon""]]","[[""Joss Whedon"", ""/wiki/Joss_Whedon""]]","[[""Kevin Feige"", ""/wiki/Kevin_Feige""], [""Louis D'Esposito"", ""/wiki/Louis_D%27Esposito""], [""Victoria Alonso"", ""/wiki/Victoria_Alonso""], [""Jeremy Latcham"", ""/wiki/Jeremy_Latcham""], [""Alan Fine"", ""/wiki/Alan_Fine""], [""Stan Lee"", ""/wiki/Stan_Lee""]]","[[""Brian Tyler"", ""/wiki/Brian_Tyler""], [""Danny Elfman"", ""/wiki/Danny_Elfman""]]","April 22, 2015 (international)May 1, 2015 (U.S.)",141 minutes,$1.405 billion,"[""Marvel Studios presents Avengers: Age of Ultron, the epic follow-up to the biggest Super Hero movie of all time. When Tony Stark tries to jumpstart a dormant peacekeeping program, things go awry and Earth\u2019s Mightiest Heroes, including Iron Man, Captain America, Thor, Hulk, Black Widow, and Hawkeye, along with support from Nick Fury and Maria Hill are put to the ultimate test as the fate of the planet hangs in the balance. As the villainous Ultron emerges, it is up to the Avengers to stop him from enacting his terrible plans, and soon uneasy alliances and unexpected action pave the way for an epic and unique global adventure.[1]\n""]"
Spider-Man: No Way Home ,"[[""Jon Watts"", ""/wiki/Jon_Watts""]]","[[""Chris McKenna"", ""/wiki/Chris_McKenna""], [""Erik Sommers"", ""/wiki/Erik_Sommers""]]","[[""Kevin Feige"", ""/wiki/Kevin_Feige""], [""Amy Pascal"", ""/wiki/Amy_Pascal""], [""Louis D'Esposito"", ""/wiki/Louis_D%27Esposito""], [""Victoria Alonso"", ""/wiki/Victoria_Alonso""], [""JoAnn Perritano"", ""/wiki/JoAnn_Perritano""], [""Rachel O'Connor"", ""/wiki/Rachel_O%27Connor""], [""Avi Arad"", ""/wiki/Avi_Arad""], [""Matthew Tolmach"", ""/wiki/Matthew_Tolmach""]]","[[""Michael Giacchino"", ""/wiki/Michael_Giacchino""], [""Justin DiCenzo"", ""/wiki/Justin_DiCenzo""], [""Gilde Flores"", ""/wiki/Gilde_Flores""]]","December 17, 2021",148 minutes,$751.3 million,"[""For the first time in the cinematic history of Spider-Man, our friendly neighborhood hero's identity is revealed, bringing his Super Hero responsibilities into conflict with his normal life and putting those he cares about most at risk. When he enlists Doctor Strange's help to restore his secret, the spell tears a hole in their world, releasing the most powerful villains who\u2019ve ever fought a Spider-Man in any universe. Now, Peter will have to overcome his greatest challenge yet, which will not only forever alter his own future but the future of the Multiverse.[2]\n""]"
Iron Man ,"[[""Jon Favreau"", ""/wiki/Jon_Favreau""]]","[[""Mark Fergus"", ""/wiki/Mark_Fergus""], [""Hawk Ostby"", ""/wiki/Hawk_Ostby""], [""Art Marcum"", ""/wiki/Art_Marcum""], [""Matt Holloway"", ""/wiki/Matt_Holloway""], [""John August"", ""/wiki/John_August""], [""J.J. Abrams"", ""/wiki/J.J._Abrams""]]","[[""Avi Arad"", ""/wiki/Avi_Arad""], [""Kevin Feige"", ""/wiki/Kevin_Feige""], [""Louis D'Esposito"", ""/wiki/Louis_D%27Esposito""], [""Peter Billingsley"", ""/wiki/Peter_Billingsley""], [""Jon Favreau"", ""/wiki/Jon_Favreau""], [""Ari Arad"", ""/wiki/Ari_Arad""], [""Stan Lee"", ""/wiki/Stan_Lee""], [""David Maisel"", ""/wiki/David_Maisel""], [""Victoria Alonso"", ""/wiki/Victoria_Alonso""], [""Eric N. Heffron"", ""/wiki/Eric_N._Heffron""]]","[[""Ramin Djawadi"", ""/wiki/Ramin_Djawadi""], [""Hans Zimmer"", ""/wiki/Hans_Zimmer""], [""[2]"", ""#cite_note-2""], [""Clay Duncan"", ""/wiki/Clay_Duncan""], [""Lorne Balfe"", ""/wiki/Lorne_Balfe""]]","April 30, 2008 (international)May 2, 2008 (U.S.)",126 minutes,$585.2 million,"[""2008's Iron Man tells the story of Tony Stark, a billionaire industrialist and genius inventor who is kidnapped and forced to build a devastating weapon. Instead, using his intelligence and ingenuity, Tony builds a high-tech suit of armor and escapes captivity. When he uncovers a nefarious plot with global implications, he dons his powerful armor and vows to protect the world as Iron Man.[3]\n""]"
Captain Marvel ,"[[""Anna Boden"", ""/wiki/Anna_Boden""], [""Ryan Fleck"", ""/wiki/Ryan_Fleck""]]","[[""Anna Boden"", ""/wiki/Anna_Boden""], [""Ryan Fleck"", ""/wiki/Ryan_Fleck""], [""Geneva Robertson-Dworet"", ""/wiki/Geneva_Robertson-Dworet""], [""Nicole Perlman"", ""/wiki/Nicole_Perlman""], [""Meg LeFauve"", ""/wiki/Meg_LeFauve""]]","[[""Kevin Feige"", ""/wiki/Kevin_Feige""], [""Louis D'Esposito"", ""/wiki/Louis_D%27Esposito""], [""Victoria Alonso"", ""/wiki/Victoria_Alonso""], [""Jonathan Schwartz"", ""/wiki/Jonathan_Schwartz""], [""Patricia Whitcher"", ""/wiki/Patricia_Whitcher""], [""Stan Lee"", ""/wiki/Stan_Lee""], [""Lars P. Winther"", ""/wiki/Lars_P._Winther""], [""David J. Grant"", ""/wiki/David_J._Grant""], [""Kelly Sue DeConnick"", ""/wiki/Kelly_Sue_DeConnick""]]","[[""Pinar Toprak"", ""/wiki/Pinar_Toprak""]]","March 8, 2019",124 minutes,$1.128 billion,"[""Set in the 1990s, Marvel Studios\u2019 \u201cCaptain Marvel\u201d is an all-new adventure from a previously unseen period in the history of the Marvel Cinematic Universe that follows the journey of Carol Danvers as she becomes one of the universe\u2019s most powerful heroes. While a galactic war between two alien races reaches Earth, Danvers finds herself and a small cadre of allies at the center of the maelstrom.[1]\n""]"
Iron Man 2 ,"[[""Jon Favreau"", ""/wiki/Jon_Favreau""]]","[[""Justin Theroux"", ""/wiki/Justin_Theroux""]]","[[""Kevin Feige"", ""/wiki/Kevin_Feige""], [""Alan Fine"", ""/wiki/Alan_Fine""], [""David Maisel"", ""/wiki/David_Maisel""], [""Stan Lee"", ""/wiki/Stan_Lee""], [""Denis L. Stewart"", ""/wiki/Denis_L._Stewart""], [""Louis D'Esposito"", ""/wiki/Louis_D%27Esposito""], [""Jon Favreau"", ""/wiki/Jon_Favreau""], [""Susan Downey"", ""/wiki/Susan_Downey""], [""Jeremy Latcham"", ""/wiki/Jeremy_Latcham""], [""Victoria Alonso"", ""/wiki/Victoria_Alonso""], [""Karen Johnson"", ""/wiki/Karen_Johnson""], [""Eric N. Heffron"", ""/wiki/Eric_N._Heffron""]]","[[""John Debney"", ""/wiki/John_Debney""]]","April 28, 2010 (international)May 7, 2010 (U.S.)",125 minutes,$623.9 million,"[""With the world now aware that he is Iron Man, billionaire inventor Tony Stark faces pressure from all sides to share his technology with the military. He is reluctant to divulge the secrets of his armored suit, fearing the information will fall into the wrong hands. With Pepper Potts and \""Rhodey\"" Rhodes by his side, Tony must forge new alliances and confront a powerful new enemy.\n""]"
Guardians of the Galaxy Vol. 3 ,"[[""James Gunn"", ""/wiki/James_Gunn""], [""[1]"", ""#cite_note-Reinstated-1""]]","[[""James Gunn"", ""/wiki/James_Gunn""], [""[2]"", ""#cite_note-Collider-2""]]","[[""Kevin Feige"", ""/wiki/Kevin_Feige""], [""Louis D'Esposito"", ""/wiki/Louis_D%27Esposito""], [""Victoria Alonso"", ""/wiki/Victoria_Alonso""], [""Nikolas Korda"", ""/wiki/Nikolas_Korda""], [""Sara Smith"", ""/wiki/Sara_Smith""], [""Jonathan Schwartz"", ""/wiki/Jonathan_Schwartz""]]","[[""John Murphy"", ""/wiki/John_Murphy""], [""[3]"", ""#cite_note-Murphy-3""]]","May 5, 2023[4]",,,"[""To be added\n""]"
Doctor Strange ,"[[""Scott Derrickson"", ""/wiki/Scott_Derrickson""]]","[[""Thomas Dean Donnelly"", ""/wiki/Thomas_Dean_Donnelly""], [""Joshua Oppenheimer"", ""/wiki/Joshua_Oppenheimer""], [""Scott Derrickson"", ""/wiki/Scott_Derrickson""], [""Jon Spaihts"", ""/wiki/Jon_Spaihts""], [""C. Robert Cargill"", ""/wiki/C._Robert_Cargill""], [""[2]"", ""#cite_note-2""], [""Dan Harmon"", ""/wiki/Dan_Harmon""], [""[3]"", ""#cite_note-3""]]","[[""Kevin Feige"", ""/wiki/Kevin_Feige""], [""Louis D'Esposito"", ""/wiki/Louis_D%27Esposito""], [""Victoria Alonso"", ""/wiki/Victoria_Alonso""], [""Charles Newirth"", ""/wiki/Charles_Newirth""], [""Stephen Broussard"", ""/wiki/Stephen_Broussard""], [""Stan Lee"", ""/wiki/Stan_Lee""]]","[[""Michael Giacchino"", ""/wiki/Michael_Giacchino""]]","October 25, 2016 (international)November 4, 2016 (U.S.)",115 minutes,$677.7 million,"[""From Marvel Studios comes Doctor Strange, the story of the world-famous neurosurgeon Dr. Stephen Strange whose life changes forever after a horrific car accident robs him of the use of his hands. When traditional medicine fails him, he is forced to look for healing, and hope, in an unlikely place - a mysterious enclave known as Kamar-Taj. He quickly learns that this is not just a center for healing but also the front line of a battle against unseen dark forces bent on destroying our reality. Before long Strange -- armed with newly acquired magical powers - is forced to choose whether to return to his life of fortune and status or leave it all behind to defend the world as the most powerful sorcerer in existence.[4]\n""]"
Avengers: Endgame ,"[[""Joe Russo"", ""/wiki/Joe_Russo""], [""Anthony Russo"", ""/wiki/Anthony_Russo""]]","[[""Christopher Markus"", ""/wiki/Christopher_Markus""], [""Stephen McFeely"", ""/wiki/Stephen_McFeely""]]","[[""Kevin Feige"", ""/wiki/Kevin_Feige""], [""Louis D'Esposito"", ""/wiki/Louis_D%27Esposito""], [""James Gunn"", ""/wiki/James_Gunn""], [""Jon Favreau"", ""/wiki/Jon_Favreau""], [""Victoria Alonso"", ""/wiki/Victoria_Alonso""], [""Michael Grillo"", ""/wiki/Michael_Grillo""], [""Trinh Tran"", ""/wiki/Trinh_Tran""]]","[[""Alan Silvestri"", ""/wiki/Alan_Silvestri""]]","April 26, 2019June 28, 2019 (re-release)",181 minutes,$2.798 billion,"[""The grave course of events set in motion by Thanos that wiped out half the universe and fractured the Avengers ranks compels the remaining Avengers to take one final stand in Marvel Studios' grand conclusion to twenty-two films, Avengers: Endgame.\n""]"
Eternals ,"[[""Chlo\u00e9 Zhao"", ""/wiki/Chlo%C3%A9_Zhao""]]","[[""Chlo\u00e9 Zhao"", ""/wiki/Chlo%C3%A9_Zhao""], [""Patrick Burleigh"", ""/wiki/Patrick_Burleigh""], [""Ryan Firpo"", ""/wiki/Ryan_Firpo""], [""Matthew K. Firpo"", ""/wiki/Matthew_K._Firpo""]]","[[""Kevin Feige"", ""/wiki/Kevin_Feige""], [""Nate Moore"", ""/wiki/Nate_Moore""], [""Louis D'Esposito"", ""/wiki/Louis_D%27Esposito""], [""Victoria Alonso"", ""/wiki/Victoria_Alonso""], [""Kevin De La Noy"", ""/wiki/Kevin_De_La_Noy""]]","[[""Ramin Djawadi"", ""/wiki/Ramin_Djawadi""], [""Brandon Campbell"", ""/wiki/Brandon_Campbell""]]","November 5, 2021",157 minutes,$400.2 million,"[""Marvel Studios' Eternals features an exciting new team of Super Heroes in the Marvel Cinematic Universe, ancient aliens who have been living on Earth in secret for thousands of years. Following the events of Avengers: Endgame, an unexpected tragedy forces them out of the shadows to reunite against mankind's most ancient enemy, the Deviants.\n""]"
Iron Man 3 ,"[[""Shane Black"", ""/wiki/Shane_Black""]]","[[""Drew Pearce"", ""/wiki/Drew_Pearce""], [""Shane Black"", ""/wiki/Shane_Black""]]","[[""Kevin Feige"", ""/wiki/Kevin_Feige""], [""Louis D'Esposito"", ""/wiki/Louis_D%27Esposito""], [""Jon Favreau"", ""/wiki/Jon_Favreau""], [""Victoria Alonso"", ""/wiki/Victoria_Alonso""], [""Mitchell Bell"", ""/wiki/Mitchell_Bell""], [""Stephen Broussard"", ""/wiki/Stephen_Broussard""], [""Brad Winderbaum"", ""/wiki/Brad_Winderbaum""], [""Alan Fine"", ""/wiki/Alan_Fine""], [""Stan Lee"", ""/wiki/Stan_Lee""]]","[[""Brian Tyler"", ""/wiki/Brian_Tyler""]]","April 24, 2013 (international)May 3, 2013 (U.S.)",130 minutes,$1.215 billion,"[""Marvel's Iron Man 3 pits brash-but-brilliant industrialist Tony Stark/Iron Man against an enemy whose reach knows no bounds. When Stark finds his personal world destroyed at his enemy's hands, he embarks on a harrowing quest to find those responsible. This journey, at every turn, will test his mettle. With his back against the wall, Stark is left to survive by his own devices, relying on his ingenuity and instincts to protect those closest to him. As he fights his way back, Stark discovers the answer to the question that has secretly haunted him: does the man make the suit or does the suit make the man?[1]\n""]"
Black Widow ,"[[""Cate Shortland"", ""/wiki/Cate_Shortland""]]","[[""Eric Pearson"", ""/wiki/Eric_Pearson""], [""Jac Schaeffer"", ""/wiki/Jac_Schaeffer""], [""Ned Benson"", ""/wiki/Ned_Benson""]]","[[""Kevin Feige"", ""/wiki/Kevin_Feige""], [""Louis D'Esposito"", ""/wiki/Louis_D%27Esposito""], [""Scarlett Johansson"", ""/wiki/Scarlett_Johansson""], [""Victoria Alonso"", ""/wiki/Victoria_Alonso""], [""Brad Winderbaum"", ""/wiki/Brad_Winderbaum""], [""Nigel Gostelow"", ""/wiki/Nigel_Gostelow""]]","[[""Lorne Balfe"", ""/wiki/Lorne_Balfe""], [""Sven Faulconer"", ""/wiki/Sven_Faulconer""]]","July 9, 2021",134 minutes,$379.2 million$125 million (streaming),"[""In Marvel Studios' action-packed spy thriller Black Widow, Natasha Romanoff, aka Black Widow, confronts the darker parts of her ledger when a dangerous conspiracy with ties to her past arises. Pursued by a force that will stop at nothing to bring her down, Natasha must deal with her history as a spy and the broken relationships left in her wake long before she became an Avenger.[1]\n""]"
The Marvels ,"[[""Nia DaCosta"", ""/wiki/Nia_DaCosta""], [""[1]"", ""#cite_note-DeadlineDirector-1""]]","[[""Megan McDonnell"", ""/wiki/Megan_McDonnell""], [""[2]"", ""#cite_note-Writer-2""]]","[[""Kevin Feige"", ""/wiki/Kevin_Feige""], [""Louis D'Esposito"", ""/wiki/Louis_D%27Esposito""], [""Victoria Alonso"", ""/wiki/Victoria_Alonso""], [""Mary Livanos"", ""/wiki/Mary_Livanos""], [""Matthew Jenkins"", ""/wiki/Matthew_Jenkins""]]",[],"February 17, 2023[3]",,,"[""Marvel Studios' The Marvels will feature Brie Larson returning to the role of Captain Marvel/Carol Danvers. In the film, she\u2019ll be joined by Teyonah Parris, who was first introduced as adult Monica Rambeau in Marvel Studios' WandaVision, along with Iman Vellani, who will appear as Ms. Marvel in the upcoming Disney+ series of the same name. Prepare to experience it and fly higher, further, and faster with the film, directed by Nia DaCosta![5]\n""]"
Ant-Man and the Wasp ,"[[""Peyton Reed"", ""/wiki/Peyton_Reed""]]","[[""Chris McKenna"", ""/wiki/Chris_McKenna""], [""Erik Sommers"", ""/wiki/Erik_Sommers""], [""Paul Rudd"", ""/wiki/Paul_Rudd""], [""Andrew Barrer"", ""/wiki/Andrew_Barrer""], [""Gabriel Ferrari"", ""/wiki/Gabriel_Ferrari""]]","[[""Kevin Feige"", ""/wiki/Kevin_Feige""], [""Stephen Broussard"", ""/wiki/Stephen_Broussard""], [""Louis D'Esposito"", ""/wiki/Louis_D%27Esposito""], [""Victoria Alonso"", ""/wiki/Victoria_Alonso""], [""Charles Newirth"", ""/wiki/Charles_Newirth""], [""Stan Lee"", ""/wiki/Stan_Lee""], [""Mitchell Bell"", ""/wiki/Mitchell_Bell""], [""Lars P. Winther"", ""/wiki/Lars_P._Winther""]]","[[""Christophe Beck"", ""/wiki/Christophe_Beck""]]","July 4, 2018 (international)July 6, 2018 (U.S.)August 3, 2018 (U.K.)",118 minutes,$622.7 million,"[""From the Marvel Cinematic Universe comes a new chapter featuring heroes with the astonishing ability to shrink: Ant-Man and the Wasp. In the aftermath of Captain America: Civil War, Scott Lang grapples with the consequences of his choices as both a superhero and a father. As he struggles to rebalance his home life with his responsibilities as Ant-Man, he's confronted by Hope van Dyne and Dr. Hank Pym with an urgent new mission. Scott must once again put on the suit and learn to fight alongside The Wasp as the team works together to uncover secrets from their past.[1]\n""]"
Black Panther: Wakanda Forever ,"[[""Ryan Coogler"", ""/wiki/Ryan_Coogler""], [""[1]"", ""#cite_note-RC-1""]]","[[""Ryan Coogler"", ""/wiki/Ryan_Coogler""], [""[1]"", ""#cite_note-RC-1""], [""Joe Robert Cole"", ""/wiki/Joe_Robert_Cole""], [""[2]"", ""#cite_note-RT-2""]]","[[""Kevin Feige"", ""/wiki/Kevin_Feige""], [""Louis D'Esposito"", ""/wiki/Louis_D%27Esposito""], [""Victoria Alonso"", ""/wiki/Victoria_Alonso""], [""Nate Moore"", ""/wiki/Nate_Moore""]]","[[""Ludwig G\u00f6ransson"", ""/wiki/Ludwig_G%C3%B6ransson""], [""[3]"", ""#cite_note-LG-3""]]","November 11, 2022[4]",,,"[""Marvel Studios\u2019 Black Panther: Wakanda Forever will continue to explore the incomparable world of Wakanda and all of the rich and varied characters introduced in the first film.[5]\n""]"
Thor ,"[[""Kenneth Branagh"", ""/wiki/Kenneth_Branagh""]]","[[""Ashley Edward Miller"", ""/wiki/Ashley_Edward_Miller""], [""Zack Stentz"", ""/wiki/Zack_Stentz""], [""Don Payne"", ""/wiki/Don_Payne""], [""J. Michael Straczynski"", ""/wiki/J._Michael_Straczynski""], [""Mark Protosevich"", ""/wiki/Mark_Protosevich""], [""Nicole Perlman"", ""/wiki/Nicole_Perlman""]]","[[""Kevin Feige"", ""/wiki/Kevin_Feige""], [""Louis D'Esposito"", ""/wiki/Louis_D%27Esposito""], [""Victoria Alonso"", ""/wiki/Victoria_Alonso""], [""Mike Bodkin"", ""/wiki/Mike_Bodkin""], [""Michael Chong"", ""/wiki/Michael_Chong""], [""Alan Fine"", ""/wiki/Alan_Fine""], [""David J. Grant"", ""/wiki/David_J._Grant""], [""Craig Kyle"", ""/wiki/Craig_Kyle""], [""Stan Lee"", ""/wiki/Stan_Lee""], [""David Maisel"", ""/wiki/David_Maisel""], [""Patricia Whitcher"", ""/wiki/Patricia_Whitcher""]]","[[""Patrick Doyle"", ""/wiki/Patrick_Doyle""]]","April 21, 2011 (Australia)April 27, 2011 (international)May 6, 2011 (U.S.)",114 minutes,$449.3 million,"[""As the son of Odin, king of the Norse gods, Thor will soon inherit the throne of Asgard from his aging father. However, on the day that he is to be crowned, Thor reacts with brutality when the gods' enemies, the Frost Giants, enter the palace in violation of their treaty. As punishment, Odin banishes Thor to Earth. While Loki, Thor's brother, plots mischief in Asgard, Thor, now stripped of his powers, faces his greatest threat.[1]\n""]"
Ant-Man ,"[[""Peyton Reed"", ""/wiki/Peyton_Reed""]]","[[""Edgar Wright"", ""/wiki/Edgar_Wright""], [""Joe Cornish"", ""/wiki/Joe_Cornish""], [""Adam McKay"", ""/wiki/Adam_McKay""], [""Paul Rudd"", ""/wiki/Paul_Rudd""]]","[[""Kevin Feige"", ""/wiki/Kevin_Feige""], [""Louis D'Esposito"", ""/wiki/Louis_D%27Esposito""], [""Alan Fine"", ""/wiki/Alan_Fine""], [""Victoria Alonso"", ""/wiki/Victoria_Alonso""], [""Michael Grillo"", ""/wiki/Michael_Grillo""], [""Stan Lee"", ""/wiki/Stan_Lee""], [""Edgar Wright"", ""/wiki/Edgar_Wright""], [""Brad Winderbaum"", ""/wiki/Brad_Winderbaum""], [""David J. Grant"", ""/wiki/David_J._Grant""]]","[[""Christophe Beck"", ""/wiki/Christophe_Beck""]]","July 14, 2015 (international)July 17, 2015 (U.K. & U.S.)",117 minutes,$519.4 million,"[""The next evolution of the Marvel Cinematic Universe brings a founding member of The Avengers to the big screen for the first time with Marvel Studios' \""Ant-Man.\"" Armed with the astonishing ability to shrink in scale but increase in strength, master thief Scott Lang must embrace his inner-hero and help his mentor, Doctor Hank Pym, protect the secret behind his spectacular Ant-Man suit from a new generation of towering threats. Against seemingly insurmountable obstacles, Pym and Lang must plan and pull off a heist that will save the world.[1]\n""]"
Captain America: Civil War ,"[[""Joe Russo"", ""/wiki/Joe_Russo""], [""Anthony Russo"", ""/wiki/Anthony_Russo""]]","[[""Stephen McFeely"", ""/wiki/Stephen_McFeely""], [""Christopher Markus"", ""/wiki/Christopher_Markus""]]","[[""Kevin Feige"", ""/wiki/Kevin_Feige""], [""Louis D'Esposito"", ""/wiki/Louis_D%27Esposito""], [""Victoria Alonso"", ""/wiki/Victoria_Alonso""], [""Mitchell Bell"", ""/wiki/Mitchell_Bell""], [""Lars P. Winther"", ""/wiki/Lars_P._Winther""], [""Stan Lee"", ""/wiki/Stan_Lee""], [""Nate Moore"", ""/wiki/Nate_Moore""]]","[[""Henry Jackman"", ""/wiki/Henry_Jackman""]]","April 27, 2016 (international)May 6, 2016 (U.S.)",147 minutes,$1.153 billion,"[""Marvel\u2019s Captain America: Civil War finds Steve Rogers leading the newly formed team of Avengers in their continued efforts to safeguard humanity. But after another incident involving the Avengers results in collateral damage, political pressure mounts to install a system of accountability, headed by a governing body to oversee and direct the team. The new status quo fractures the Avengers, resulting in two camps\u2014one led by Steve Rogers and his desire for the Avengers to remain free to defend humanity without government interference, and the other following Tony Stark\u2019s surprising decision to support government oversight and accountability.\n""]"
Spider-Man: Far From Home ,"[[""Jon Watts"", ""/wiki/Jon_Watts""]]","[[""Chris McKenna"", ""/wiki/Chris_McKenna""], [""Erik Sommers"", ""/wiki/Erik_Sommers""]]","[[""Kevin Feige"", ""/wiki/Kevin_Feige""], [""Amy Pascal"", ""/wiki/Amy_Pascal""], [""Louis D'Esposito"", ""/wiki/Louis_D%27Esposito""], [""Victoria Alonso"", ""/wiki/Victoria_Alonso""], [""Thomas M. Hammel"", ""/wiki/Thomas_M._Hammel""], [""Eric Hauserman Carroll"", ""/wiki/Eric_Hauserman_Carroll""], [""Rachel O'Connor"", ""/wiki/Rachel_O%27Connor""], [""Stan Lee"", ""/wiki/Stan_Lee""], [""Avi Arad"", ""/wiki/Avi_Arad""], [""Matthew Tolmach"", ""/wiki/Matthew_Tolmach""]]","[[""Michael Giacchino"", ""/wiki/Michael_Giacchino""]]","July 2, 2019August 30, 2019 (re-release)",129 minutes,$1.131 billion,"[""Peter Parker returns in Spider-Man: Far From Home, the next chapter of the Spider-Man: Homecoming series! Our friendly neighborhood Super Hero decides to join his best friends Ned, MJ, and the rest of the gang on a European vacation. However, Peter's plan to leave super heroics behind for a few weeks are quickly scrapped when he begrudgingly agrees to help Nick Fury uncover the mystery of several elemental creature attacks, creating havoc across the continent![2]\n""]"
Ant-Man and the Wasp: Quantumania ,"[[""Peyton Reed"", ""/wiki/Peyton_Reed""], [""[1]"", ""#cite_note-THR-1""]]","[[""Jeff Loveness"", ""/wiki/Jeff_Loveness""], [""[2]"", ""#cite_note-THRWriter-2""]]","[[""Kevin Feige"", ""/wiki/Kevin_Feige""], [""Louis D'Esposito"", ""/wiki/Louis_D%27Esposito""], [""Victoria Alonso"", ""/wiki/Victoria_Alonso""]]",[],"July 28, 2023[3]",,,"[""To be added\n""]"
Thor: Love and Thunder ,"[[""Taika Waititi"", ""/wiki/Taika_Waititi""], [""[1]"", ""#cite_note-Thor4-1""]]","[[""Taika Waititi"", ""/wiki/Taika_Waititi""], [""[1]"", ""#cite_note-Thor4-1""], [""Jennifer Kaytin Robinson"", ""/wiki/Jennifer_Kaytin_Robinson""], [""[2]"", ""#cite_note-Robinson-2""]]","[[""Kevin Feige"", ""/wiki/Kevin_Feige""], [""Brad Winderbaum"", ""/wiki/Brad_Winderbaum""], [""Louis D'Esposito"", ""/wiki/Louis_D%27Esposito""], [""Victoria Alonso"", ""/wiki/Victoria_Alonso""], [""Todd Hallowell"", ""/wiki/Todd_Hallowell""]]","[[""Michael Giacchino"", ""/wiki/Michael_Giacchino""], [""[3]"", ""#cite_note-Giacchino-3""]]","July 8, 2022[4]",,,"[""To be added\n""]"
Thor: Ragnarok ,"[[""Taika Waititi"", ""/wiki/Taika_Waititi""]]","[[""Eric Pearson"", ""/wiki/Eric_Pearson""], [""Stephany Folsom"", ""/wiki/Stephany_Folsom""], [""Craig Kyle"", ""/wiki/Craig_Kyle""], [""Christopher Yost"", ""/wiki/Christopher_Yost""]]","[[""Kevin Feige"", ""/wiki/Kevin_Feige""], [""Louis D'Esposito"", ""/wiki/Louis_D%27Esposito""], [""Brad Winderbaum"", ""/wiki/Brad_Winderbaum""], [""Victoria Alonso"", ""/wiki/Victoria_Alonso""], [""Thomas M. Hammel"", ""/wiki/Thomas_M._Hammel""], [""Stan Lee"", ""/wiki/Stan_Lee""]]","[[""Mark Mothersbaugh"", ""/wiki/Mark_Mothersbaugh""]]","October 24, 2017 (international)November 3, 2017 (U.S.)",130 minutes,$854.0 million,"[""Thor's world is about to explode in Marvel's Thor: Ragnarok. His devious brother, Loki, has taken over Asgard, the powerful Hela has emerged to steal the throne for herself and Thor is imprisoned on the other side of the universe. To escape captivity and save his home from imminent destruction, Thor must first win a deadly alien contest by defeating his former ally and fellow Avenger... The Incredible Hulk!\n""]"
Black Panther ,"[[""Ryan Coogler"", ""/wiki/Ryan_Coogler""]]","[[""Joe Robert Cole"", ""/wiki/Joe_Robert_Cole""], [""Ryan Coogler"", ""/wiki/Ryan_Coogler""], [""Donald Glover"", ""/wiki/Donald_Glover""], [""[1]"", ""#cite_note-Collider-1""], [""Stephen Glover"", ""/wiki/Stephen_Glover""], [""[1]"", ""#cite_note-Collider-1""]]","[[""Kevin Feige"", ""/wiki/Kevin_Feige""], [""Victoria Alonso"", ""/wiki/Victoria_Alonso""], [""Nate Moore"", ""/wiki/Nate_Moore""], [""Jeffrey Chernov"", ""/wiki/Jeffrey_Chernov""], [""Stan Lee"", ""/wiki/Stan_Lee""]]","[[""Ludwig G\u00f6ransson"", ""/wiki/Ludwig_G%C3%B6ransson""]]","February 13, 2018 (international)February 16, 2018 (U.S.)",134 minutes,$1.347 billion,"[""Marvel Studios' Black Panther follows T'Challa who, after the events of Captain America: Civil War, returns home to the isolated, technologically advanced African nation of Wakanda to take his place as King. However, when an old enemy reappears on the radar, T'Challa's mettle as King and Black Panther is tested when he is drawn into a conflict that puts the entire fate of Wakanda and the world at risk.[2]\n""]"
Guardians of the Galaxy ,"[[""James Gunn"", ""/wiki/James_Gunn""]]","[[""James Gunn"", ""/wiki/James_Gunn""], [""Chris McCoy"", ""/wiki/Chris_McCoy""], [""Nicole Perlman"", ""/wiki/Nicole_Perlman""]]","[[""Kevin Feige"", ""/wiki/Kevin_Feige""], [""Louis D'Esposito"", ""/wiki/Louis_D%27Esposito""], [""David J. Grant"", ""/wiki/David_J._Grant""], [""Jonathan Schwartz"", ""/wiki/Jonathan_Schwartz""], [""Nikolas Korda"", ""/wiki/Nikolas_Korda""], [""Stan Lee"", ""/wiki/Stan_Lee""], [""Victoria Alonso"", ""/wiki/Victoria_Alonso""], [""Jeremy Latcham"", ""/wiki/Jeremy_Latcham""], [""Alan Fine"", ""/wiki/Alan_Fine""]]","[[""Tyler Bates"", ""/wiki/Tyler_Bates""]]","July 31, 2014 (U.K.)August 1, 2014 (U.S.)",122 minutes,$773.3 million,"[""An action-packed, epic space adventure, Marvel's \""Guardians of the Galaxy,\"" expands the Marvel Cinematic Universe into the cosmos, where brash adventurer Peter Quill finds himself the object of an unrelenting bounty hunt after stealing a mysterious orb coveted by Ronan, a powerful villain with ambitions that threaten the entire universe. To evade the ever-persistent Ronan, Quill is forced into an uneasy truce with a quartet of disparate misfits--Rocket, a gun-toting raccoon; Groot, a tree-like humanoid; the deadly and enigmatic Gamora; and the revenge-driven Drax the Destroyer. But when Quill discovers the true power of the orb and the menace it poses to the cosmos, he must do his best to rally his ragtag rivals for a last, desperate stand--with the galaxy's fate in the balance.[1]\n""]"
Blade ,"[[""Bassam Tariq"", ""/wiki/Bassam_Tariq""], [""[1]"", ""#cite_note-DL-1""]]","[[""Stacy Osei-Kuffour"", ""/wiki/Stacy_Osei-Kuffour""], [""[2]"", ""#cite_note-THR-2""], [""Bassam Tariq"", ""/wiki/Bassam_Tariq""]]","[[""Kevin Feige"", ""/wiki/Kevin_Feige""], [""Louis D'Esposito"", ""/wiki/Louis_D%27Esposito""], [""Eric Hauserman Carroll"", ""/wiki/Eric_Hauserman_Carroll""]]",[],,,,"[""To be added\n""]"
Thor: The Dark World ,"[[""Alan Taylor"", ""/wiki/Alan_Taylor""]]","[[""Christopher Yost"", ""/wiki/Christopher_Yost""], [""Christopher Markus"", ""/wiki/Christopher_Markus""], [""Stephen McFeely"", ""/wiki/Stephen_McFeely""], [""Don Payne"", ""/wiki/Don_Payne""], [""Robert Rodat"", ""/wiki/Robert_Rodat""]]","[[""Kevin Feige"", ""/wiki/Kevin_Feige""], [""Louis D'Esposito"", ""/wiki/Louis_D%27Esposito""], [""Victoria Alonso"", ""/wiki/Victoria_Alonso""], [""Craig Kyle"", ""/wiki/Craig_Kyle""], [""Alan Fine"", ""/wiki/Alan_Fine""], [""Nigel Gostelow"", ""/wiki/Nigel_Gostelow""], [""Stan Lee"", ""/wiki/Stan_Lee""]]","[[""Brian Tyler"", ""/wiki/Brian_Tyler""]]","October 30, 2013 (international)November 8, 2013 (U.S.)",112 minutes,$644.6 million,"[""In the aftermath of Marvel's \""Thor\"" and \""Marvel's The Avengers,\"" Thor fights to restore order across the cosmos...but an ancient race led by the vengeful Malekith returns to plunge the universe back into darkness. Faced with an enemy that even Odin and Asgard cannot withstand, Thor must embark on his most perilous and personal journey yet, one that will reunite him with Jane Foster and force him to sacrifice everything to save us all.\n""]"
Captain America 4 ,[],"[[""Malcolm Spellman"", ""/wiki/Malcolm_Spellman""], [""[1]"", ""#cite_note-Hollywood_Reporter-1""], [""Dalan Musson"", ""/wiki/Dalan_Musson""], [""[1]"", ""#cite_note-Hollywood_Reporter-1""]]","[[""Kevin Feige"", ""/wiki/Kevin_Feige""]]",[],,,,"[""To be added\n""]"
Daredevil ,[],[],[],"[[""John Paesano"", ""/wiki/John_Paesano""]]",,,,
The Dark at the End of the Tunnel ,"[[""Euros Lyn"", ""/wiki/Euros_Lyn""]]","[[""Lauren Schmidt Hissrich"", ""/wiki/Lauren_Schmidt_Hissrich""], [""Douglas Petrie"", ""/wiki/Douglas_Petrie""]]",[],[],,,,"[""Daredevil goes underground to save an old friend. Karen follows a dangerous lead. The law firm of Nelson & Murdock may have reached its final chapter.\n""]"
Doctor Strange in the Multiverse of Madness ,"[[""Sam Raimi"", ""/wiki/Sam_Raimi""]]","[[""Michael Waldron"", ""/wiki/Michael_Waldron""]]","[[""Kevin Feige"", ""/wiki/Kevin_Feige""], [""Louis D'Esposito"", ""/wiki/Louis_D%27Esposito""], [""Victoria Alonso"", ""/wiki/Victoria_Alonso""], [""Scott Derrickson"", ""/wiki/Scott_Derrickson""]]","[[""Danny Elfman"", ""/wiki/Danny_Elfman""], [""[1]"", ""#cite_note-Inverse-1""]]","May 6, 2022[2]",,,"[""After the events of Avengers: Endgame, Dr. Stephen Strange's continuing research on the Time Stone is hindered by a friend-turned-enemy, resulting in Strange unleashing unspeakable evil.[3]\n""]"
Jessica Jones ,[],[],[],"[[""Sean Callery"", ""/wiki/Sean_Callery""]]",,,,
AKA Sin Bin ,"[[""John Dahl"", ""/wiki/John_Dahl""]]","[[""Jamie King"", ""/wiki/Jamie_King_(writer)""], [""Dana Baratta"", ""/wiki/Dana_Baratta""]]",[],[],,,,"[""Just when Jessica has Kilgrave right where she wants him, Hogarth's involvement complicates the situation. Details of Kilgrave's past emerge.\n""]"
The Man in the Box ,"[[""Peter Hoar"", ""/wiki/Peter_Hoar""]]","[[""Whit Anderson"", ""/wiki/Whit_Anderson""], [""Sneha Koorse"", ""/wiki/Sneha_Koorse""], [""John C. Kelley"", ""/wiki/John_C._Kelley""]]",[],[],,,,"[""Murdock and Foggy get caught in the crossfire of the Punisher's revenge. Karen and Murdock dig for the truth in very different ways.\n""]"
Shang-Chi 2 ,"[[""Destin Daniel Cretton"", ""/wiki/Destin_Daniel_Cretton""], [""[1]"", ""#cite_note-Deadline-1""]]","[[""Destin Daniel Cretton"", ""/wiki/Destin_Daniel_Cretton""], [""[1]"", ""#cite_note-Deadline-1""]]","[[""Kevin Feige"", ""/wiki/Kevin_Feige""]]",[],,,,"[""To be added\n""]"
Spider-Man 4 ,[],[],"[[""Kevin Feige"", ""/wiki/Kevin_Feige""], [""Amy Pascal"", ""/wiki/Amy_Pascal""], [""Avi Arad"", ""/wiki/Avi_Arad""]]",[],,,,"[""To be added\n""]"
